,Gene_set,Term,Overlap,P-value,Adjusted P-value,Old P-value,Old Adjusted P-value,Odds Ratio,Combined Score,Genes,label
0,GO_Cellular_Component_2021,intracellular membrane-bounded organelle (GO:0043231),163/5192,6.31894682024851e-08,1.5607798646013822e-05,0,0,1.7321359643479584,28.713839927048845,ATF2;RIF1;KDM1A;ZMYND8;UBE2D3;GOLIM4;ENO1;GABPB1;SLA2;TTF1;SMC4;ACTB;SMC2;SALL4;CWC22;RCC1;UBAP2L;CPNE3;TMEM38B;CCNL1;GTF2I;RAB2A;PDIA3;PRKCI;ENDOG;KDM2B;FBXW7;RPS6;CTNNBIP1;TSC1;PGD;PRKAB1;ILF2;DGKZ;RC3H2;WDR76;SCAMP3;CDC25B;SRRM1;CLIP1;CCNE2;RRAGD;AKAP9;PADI3;S100A6;PKP4;TRIB3;TNIK;CLOCK;PPID;ZCCHC8;SET;CDCA7;ISG20L2;STK39;NMD3;BCL10;RLF;FXR1;HSPH1;ORC1;PRDX1;UBC;CAMTA1;CLSPN;S100A11;MDN1;MCL1;HSPA5;TIPARP;NEK6;NFXL1;DHCR24;INO80;STAM;SETX;TPX2;BMP2;EHD4;DAB1;CDK6;LIN28A;FUBP3;FUBP1;SP3;HNRNPD;GTF2IRD1;PKIG;NFE2L2;GMEB2;ZC3H8;PSIP1;HMGB1;N4BP2L2;ALAD;DNMT3B;TLK1;MYBL2;ACADM;RAC1;GUSB;SPTAN1;BCAS2;JAK1;ACTR5;NCOA3;ACTL6A;ASH1L;DYNLL1;ARID1A;PTBP2;TOPORS;TGFBR1;PTP4A2;DNAJC2;ZEB2;SFPQ;ELF2;RAPGEF1;RBMS1;PFDN4;STX12;LAMA5;PCNA;LEF1;FIGN;NOL9;MLLT3;RAD54B;AURKA;RBBP4;FAM241A;E2F1;SNRPB2;DRAM2;E2F5;MEF2D;SRSF11;RUNX1T1;USP24;RBM38;CASP8AP2;TRMT10A;HNRNPA3;DUT;SLC16A1;SSB;SMOX;DDX31;RPA2;PDE4DIP;PTPN11;PNRC1;SKI;CENPE;FABP5;RAB14;CDK2AP1;UBAP2;PKN2;FAM98B;NAA15;TRIM33,Cellular_Component
1,GO_Cellular_Component_2021,cytoskeleton (GO:0005856),35/600,1.3435347027183997e-07,1.6592653578572234e-05,0,0,2.9424778761061945,46.55821443349192,MACF1;FLT1;EPB42;WIPF1;NOL9;ACTB;CORO1C;AURKA;CNN3;CAPZB;RAC1;FAM83D;WASF2;SPTAN1;MDN1;TMOD1;TRMT10A;RBM39;PRKCI;RIPK2;TPM3;DSTN;CKAP5;TTC17;DNAJA1;CENPE;TPX2;CLIP1;MAP7D1;AKAP9;PKN2;PKP4;VIM;TNIK;ARHGEF2,Cellular_Component
2,GO_Cellular_Component_2021,nucleus (GO:0005634),143/4484,2.7309018230391885e-07,2.248442500968932e-05,0,0,1.717481926075994,25.95710084511561,ATF2;RIF1;KDM1A;ZMYND8;UBE2D3;ENO1;GABPB1;TTF1;SMC4;ACTB;SMC2;SALL4;CWC22;RCC1;UBAP2L;CPNE3;TMEM38B;CCNL1;GTF2I;RAB2A;PDIA3;PRKCI;ENDOG;KDM2B;FBXW7;RPS6;CTNNBIP1;TSC1;PGD;PRKAB1;ILF2;DGKZ;WDR76;CDC25B;SRRM1;CLIP1;CCNE2;RRAGD;PADI3;S100A6;PKP4;TRIB3;TNIK;CLOCK;PPID;ZCCHC8;SET;CDCA7;ISG20L2;NMD3;BCL10;RLF;FXR1;HSPH1;ORC1;PRDX1;UBC;CAMTA1;CLSPN;S100A11;MDN1;MCL1;HSPA5;TIPARP;NEK6;NFXL1;DHCR24;INO80;SETX;TPX2;EHD4;CDK6;LIN28A;FUBP3;FUBP1;SP3;HNRNPD;GTF2IRD1;PKIG;NFE2L2;GMEB2;ZC3H8;PSIP1;HMGB1;N4BP2L2;ALAD;DNMT3B;TLK1;MYBL2;ACADM;BCAS2;JAK1;ACTR5;NCOA3;ACTL6A;ASH1L;DYNLL1;ARID1A;PTBP2;TOPORS;TGFBR1;PTP4A2;DNAJC2;ZEB2;SFPQ;ELF2;RBMS1;PFDN4;LAMA5;PCNA;LEF1;FIGN;NOL9;MLLT3;RAD54B;AURKA;RBBP4;E2F1;SNRPB2;MEF2D;SRSF11;RUNX1T1;USP24;RBM38;CASP8AP2;TRMT10A;HNRNPA3;DUT;SSB;DDX31;RPA2;PDE4DIP;PTPN11;PNRC1;SKI;CENPE;FABP5;CDK2AP1;UBAP2;PKN2;FAM98B;NAA15;TRIM33,Cellular_Component
3,GO_Cellular_Component_2021,intracellular non-membrane-bounded organelle (GO:0043232),50/1158,2.947842230243151e-06,0.00018202925771751457,0,0,2.163369121852877,27.54928801199848,SETD7;TTF1;CDC14A;ACTB;SMC2;CDC20;CAPZB;NUSAP1;RCC1;CPNE3;RAC1;TMOD1;NUDC;RIPK2;TPM3;RPS6;TSC1;ILF2;CKAP5;DNAJC2;ZEB2;AKAP9;PKP4;TNIK;ARHGEF2;CLOCK;PPID;ZCCHC8;MACF1;SET;EPB42;NMD3;NOL9;RRBP1;AURKA;SELENBP1;FXR1;CAMTA1;E2F5;FAM83D;MDN1;NOP56;TRMT10A;MTX2;DDX31;CENPE;TPX2;LIN28A;VIM;CEP85,Cellular_Component
4,GO_Cellular_Component_2021,focal adhesion (GO:0005925),22/387,4.400677148279876e-05,0.0021739345112502,0,0,2.8020829878271254,28.108162506775,PDIA3;FLT1;HSPA5;RPL12;SNAP23;HSPG2;ACTB;CORO1C;CNN3;CDC42;GNA12;RPLP2;ITGAV;ITGA6;CPNE3;RAC1;ARHGEF2;VIM;TLN1;B2M;CD44;JAK1,Cellular_Component
5,GO_Cellular_Component_2021,cell-substrate junction (GO:0030055),22/394,5.7413782670895705e-05,0.0023635340532852,0,0,2.748353250540238,26.83829107900658,PDIA3;FLT1;HSPA5;RPL12;SNAP23;HSPG2;ACTB;CORO1C;CNN3;CDC42;GNA12;RPLP2;ITGAV;ITGA6;CPNE3;RAC1;ARHGEF2;VIM;TLN1;B2M;CD44;JAK1,Cellular_Component
6,GO_Cellular_Component_2021,actin cytoskeleton (GO:0015629),18/316,0.00020932027250062705,0.0073860153296649,0,0,2.7908357877456424,23.642970255338668,TMOD1;MACF1;TRMT10A;FLT1;WDR1;WIPF1;TPM3;SLC2A1;DSTN;TSC1;ACTB;CNN3;CORO1C;TTC17;CAPZB;RAC1;TEK;WASF2,Cellular_Component
7,GO_Cellular_Component_2021,mitotic spindle (GO:0072686),10/120,0.00029491451016527284,0.0091054855013528,0,0,4.161497326203208,33.8280836677744,CDC42;TPX2;NUDC;NUSAP1;PKP4;FAM83D;DYNLL1;CDC14A;GEM;HAUS2,Cellular_Component
8,GO_Cellular_Component_2021,endocytic vesicle (GO:0030139),12/189,0.0009181745048368612,0.0236370945865381,0,0,3.107424770605441,21.73060392306304,PDIA3;STX12;HSPH1;EHD4;RAB14;UBC;GOLIM4;ZDHHC5;LPAR1;CLTA;ITGAV;WLS,Cellular_Component
9,GO_Cellular_Component_2021,actin filament (GO:0005884),7/72,0.0009569673921675352,0.0236370945865381,0,0,4.906542056074766,34.10901075731354,TMOD1;WIPF1;TPM3;TSC1;RAC1;TEK;ACTB,Cellular_Component
10,GO_Cellular_Component_2021,cell cortex region (GO:0099738),3/11,0.0014803900230183,0.0302541231627168,0,0,16.9765625,110.60993899430495,CTSZ;ENO1;GNAI1,Cellular_Component
11,GO_Cellular_Component_2021,phagocytic vesicle (GO:0045335),8/100,0.0015270796390566,0.0302541231627168,0,0,3.965583952754302,25.71442504931241,PDIA3;STX12;RAB14;SNAP23;ZDHHC5;ITGAV;SEC22B;B2M,Cellular_Component
12,GO_Cellular_Component_2021,recycling endosome membrane (GO:0055038),6/58,0.0015923222717219,0.0302541231627168,0,0,5.248251748251748,33.81218612542186,PDIA3;EHD4;RAB14;RAC1;B2M;SCAMP3,Cellular_Component
13,GO_Cellular_Component_2021,cytoplasmic stress granule (GO:0010494),6/65,0.0028615427133122,0.050485789299151,0,0,4.623918454426929,27.079490093228856,LIN28A;YTHDF3;CAPRIN1;G3BP2;EIF4E;RC3H2,Cellular_Component
14,GO_Cellular_Component_2021,Ino80 complex (GO:0031011),3/14,0.0031111449064256,0.0510692730967665,0,0,12.344696969696969,71.26302822527965,ACTR5;ACTL6A;INO80,Cellular_Component
15,GO_Cellular_Component_2021,spindle (GO:0005819),11/192,0.0033081310508026,0.0510692730967665,0,0,2.7783800688001667,15.868361814347413,CDC20;CDC42;TPX2;NUDC;NUSAP1;PKP4;FAM83D;DYNLL1;CDC14A;GEM;AURKA,Cellular_Component
16,GO_Cellular_Component_2021,recycling endosome (GO:0055037),9/145,0.0045163916503286,0.0656205139783041,0,0,3.018175227837614,16.29827272628593,PDIA3;APP;STX12;EHD4;RAB14;ATP11B;RAC1;B2M;SCAMP3,Cellular_Component
17,GO_Cellular_Component_2021,basement membrane (GO:0005604),5/52,0.0053399077732939,0.0679167231897845,0,0,4.828797624938149,25.266910028987304,TMEFF1;LAMA5;AGRN;HSPG2;FBN1,Cellular_Component
18,GO_Cellular_Component_2021,heterotrimeric G-protein complex (GO:0005834),4/33,0.0054832379322021,0.0679167231897845,0,0,6.252020161612929,32.54838888761433,GNA12;GNB1;GNB4;GNAI1,Cellular_Component
19,GO_Cellular_Component_2021,ficolin-1-rich granule lumen (GO:1904813),8/123,0.005499329812938,0.0679167231897845,0,0,3.16872008960391,16.487259538006942,ALAD;CTSZ;PGM2;COMMD3;PDAP1;HMGB1;GUSB;ILF2,Cellular_Component
20,GO_Cellular_Component_2021,microtubule cytoskeleton (GO:0015630),15/331,0.0062051292633151,0.0704255970185615,0,0,2.175519891500904,11.05681667247661,MACF1;RBM39;PRKCI;NUDC;CKAP5;AURKA;CDC20;DNAJA1;TPX2;CENPE;CLIP1;MAP7D1;ARHGEF2;FAM83D;SPTAN1,Cellular_Component
21,GO_Cellular_Component_2021,condensed chromosome (GO:0000793),5/54,0.0062727252405196,0.0704255970185615,0,0,4.631229235880399,23.487484562773584,CENPE;RIF1;RCC1;HMGB1;SMC2,Cellular_Component
22,GO_Cellular_Component_2021,nuclear lumen (GO:0031981),27/745,0.0069410791243429,0.073739722466823,0,0,1.7370862690480091,8.633836449055748,ZCCHC8;SETD7;NMD3;NOL9;TTF1;CDC14A;SMC2;SELENBP1;FXR1;NUSAP1;CAMTA1;CPNE3;E2F5;MDN1;NOP56;TRMT10A;MTX2;RPS6;DDX31;ILF2;CKAP5;SETX;DNAJC2;ZEB2;LIN28A;CEP85;PPID,Cellular_Component
23,GO_Cellular_Component_2021,ficolin-1-rich granule (GO:0101002),10/184,0.0071649932761285,0.073739722466823,0,0,2.622177146720757,12.949748112997922,ALAD;CTSZ;PGM2;COMMD3;PDAP1;HMGB1;RAC1;GUSB;DYNLL1;ILF2,Cellular_Component
24,GO_Cellular_Component_2021,adherens junction (GO:0005912),8/132,0.0083180221346985,0.0821820586908218,0,0,2.9373725164312154,14.068048595297048,SNAP23;PKP4;PLPP3;TLN1;LIN7C;ACTB;S100A11;CNN3,Cellular_Component
25,GO_Cellular_Component_2021,nuclear chromosome (GO:0000228),6/83,0.0094474830020619,0.0897510885195888,0,0,3.539732994278449,16.502259721151997,SETX;ACTR5;ACTL6A;RCC1;INO80;SMC2,Cellular_Component
26,GO_Cellular_Component_2021,intermediate filament cytoskeleton (GO:0045111),6/84,0.009992951472739,0.0902861050505384,0,0,3.4941724941724943,16.09372274026166,MACF1;CLIP1;NOL9;PKN2;VIM;MDN1,Cellular_Component
27,GO_Cellular_Component_2021,nucleolus (GO:0005730),26/733,0.0103538546293001,0.0902861050505384,0,0,1.6956111259047666,7.749614986742539,ZCCHC8;SETD7;NMD3;NOL9;TTF1;CDC14A;SMC2;SELENBP1;FXR1;NUSAP1;CAMTA1;CPNE3;E2F5;MDN1;NOP56;TRMT10A;MTX2;RPS6;DDX31;ILF2;CKAP5;DNAJC2;ZEB2;LIN28A;CEP85;PPID,Cellular_Component
28,GO_Cellular_Component_2021,polymeric cytoskeletal fiber (GO:0099513),12/256,0.0106003929006705,0.0902861050505384,0,0,2.246366701546332,10.213924363300492,TMOD1;MACF1;CENPE;CLIP1;WIPF1;TPM3;TSC1;RAC1;ARHGEF2;TEK;VIM;ACTB,Cellular_Component
29,GO_Cellular_Component_2021,clathrin-sculpted gamma-aminobutyric acid transport vesicle (GO:0061200),2/8,0.0121165316002093,0.0965413969436031,0,0,15.056966897613547,66.44917309361841,SLC32A1;GAD2,Cellular_Component
30,GO_Cellular_Component_2021,clathrin-sculpted gamma-aminobutyric acid transport vesicle membrane (GO:0061202),2/8,0.0121165316002093,0.0965413969436031,0,0,15.056966897613547,66.44917309361841,SLC32A1;GAD2,Cellular_Component
31,GO_Cellular_Component_2021,INO80-type complex (GO:0097346),3/24,0.0147332265269722,0.1137220922550669,0,0,6.462962962962963,27.258515921014737,ACTR5;ACTL6A;INO80,Cellular_Component
32,GO_Cellular_Component_2021,npBAF complex (GO:0071564),2/11,0.0227972199099963,0.1706337369020942,0,0,10.03643828586092,37.94894425289697,ACTL6A;ARID1A,Cellular_Component
33,GO_Cellular_Component_2021,chromosome (GO:0005694),8/160,0.0240140620575823,0.1733495563237986,0,0,2.3928263281153703,8.92312623030448,SETX;CENPE;RIF1;SETD7;RCC1;HMGB1;CLOCK;SMC2,Cellular_Component
34,GO_Cellular_Component_2021,rough endoplasmic reticulum (GO:0005791),3/29,0.0245637023130888,0.1733495563237986,0,0,5.21875,19.343220897396208,LIN28A;STX17;RAB14,Cellular_Component
35,GO_Cellular_Component_2021,U2-type catalytic step 2 spliceosome (GO:0071007),3/30,0.0268635684075519,0.184313927685148,0,0,5.025205761316872,18.176090064584773,CWC22;SNRPB2;BCAS2,Cellular_Component
36,GO_Cellular_Component_2021,Golgi stack (GO:0005795),3/31,0.0292744057373911,0.1954264383009623,0,0,4.845486111111111,17.109613365014905,RAB14;AKAP9;GGTA1,Cellular_Component
37,GO_Cellular_Component_2021,P-body (GO:0000932),5/80,0.0302734889662706,0.196777678280759,0,0,3.021705426356589,10.568363060748432,LIN28A;YTHDF3;CAPRIN1;UBAP2;EIF4E,Cellular_Component
38,GO_Cellular_Component_2021,integral component of synaptic vesicle membrane (GO:0030285),2/13,0.0314198825391346,0.1989925894145194,0,0,8.210791517950872,28.411919998290344,STX12;SLC32A1,Cellular_Component
39,GO_Cellular_Component_2021,nuclear membrane (GO:0031965),9/204,0.0349114638428687,0.2146945294209397,0,0,2.0985915492957745,7.040648788715196,DNAJC2;POM121;RIF1;SMOX;MPL;RCC1;ATP11B;TMEM38B;MFSD10,Cellular_Component
40,GO_Cellular_Component_2021,cell-cell junction (GO:0005911),11/271,0.0356375534666337,0.2146945294209397,0,0,1.9262971698113207,6.4229592246393175,WDR1;SNAP23;PKN2;PKP4;TEK;PLPP3;TLN1;LIN7C;ACTB;S100A11;CNN3,Cellular_Component
41,GO_Cellular_Component_2021,filopodium (GO:0030175),4/58,0.0373043687436129,0.2188893278926333,0,0,3.353269743060926,11.02771321986392,CDC42;FXR1;ITGAV;UNC5C,Cellular_Component
42,GO_Cellular_Component_2021,secretory granule membrane (GO:0030667),11/274,0.038106239268758,0.2188893278926333,0,0,1.9040282660162136,6.221178639589591,FABP5;RAB14;SURF4;SNAP23;MLEC;CPNE3;ATP11B;ITGAV;RAC1;DYNLL1;CD44,Cellular_Component
43,GO_Cellular_Component_2021,secretory granule lumen (GO:0034774),12/316,0.0445799979549748,0.2471836153959694,0,0,1.7974057484135872,5.590776652691682,PLAC8;ALAD;APP;FABP5;CTSZ;PGM2;HMGB1;GUSB;B2M;SPTAN1;ILF2;S100A11,Cellular_Component
44,GO_Cellular_Component_2021,specific granule lumen (GO:0035580),4/62,0.045890127275296,0.2471836153959694,0,0,3.1213697095767663,9.618517231818204,CTSZ;B2M;SPTAN1;ILF2,Cellular_Component
45,GO_Cellular_Component_2021,serine/threonine protein kinase complex (GO:1902554),3/37,0.0460341955798161,0.2471836153959694,0,0,3.989174836601307,12.28015923932185,CDK6;CCNE2;TGFBR1,Cellular_Component
46,GO_Cellular_Component_2021,intrinsic component of synaptic vesicle membrane (GO:0098563),2/17,0.0517572725554817,0.26741547681403,0,0,6.020015396458814,17.826411343753676,STX12;SLC32A1,Cellular_Component
47,GO_Cellular_Component_2021,endosome membrane (GO:0010008),12/325,0.0530089089777221,0.26741547681403,0,0,1.744907438877937,5.125308394088974,PDIA3;EHD4;RAB14;UBC;CLTA;ECE1;RAC1;SLA2;B2M;SCAMP3;WLS;CORO1C,Cellular_Component
48,GO_Cellular_Component_2021,azurophil granule (GO:0042582),7/155,0.0530899837367976,0.26741547681403,0,0,2.145728087900985,6.299357708684758,PLAC8;FABP5;SURF4;SNAP23;CPNE3;ATP11B;GUSB,Cellular_Component
49,GO_Cellular_Component_2021,Golgi membrane (GO:0000139),16/472,0.054368349637054,0.26741547681403,0,0,1.6002177280911107,4.65979098247085,USP6NL;RAB2A;APP;SURF4;GOLIM4;SLC2A1;CLTA;PLEKHA3;SCAMP3;CDC42;UGCG;GLIPR2;MAN1C1;SEC22B;B2M;WLS,Cellular_Component
50,GO_Cellular_Component_2021,mitochondrial outer membrane (GO:0005741),6/126,0.0573896920410293,0.26741547681403,0,0,2.266317016317016,6.476886036248529,FAM210B;ATF2;MTX2;UBC;TOMM5;MCL1,Cellular_Component
51,GO_Cellular_Component_2021,U1 snRNP (GO:0005685),2/18,0.0574095474258954,0.26741547681403,0,0,5.643475750577367,16.126483983764828,PRPF40A;SNRPB2,Cellular_Component
52,GO_Cellular_Component_2021,lysosomal membrane (GO:0005765),12/330,0.058130085723053,0.26741547681403,0,0,1.717025737097997,4.885061714984669,RAB2A;STX17;RAB14;RHEB;SURF4;GNB1;GNB4;CLTA;CPNE3;ATP11B;ECE1;GNAI1,Cellular_Component
53,GO_Cellular_Component_2021,lysosome (GO:0005764),16/477,0.0586242454246197,0.26741547681403,0,0,1.5824476208719245,4.488781877473633,RAB2A;STX17;CTSZ;ECE1;BCL10;HSPG2;GNAI1;TMEM59;RAB14;RHEB;RRAGD;GNB1;GNB4;AGRN;DRAM2;GUSB,Cellular_Component
54,GO_Cellular_Component_2021,vesicle (GO:0031982),9/226,0.0595459563755937,0.26741547681403,0,0,1.8836892321671967,5.313900299735132,STX12;RIPK2;UBC;GNB1;ECE1;ARHGEF2;SPTAN1;ACTB;CORO1C,Cellular_Component
55,GO_Cellular_Component_2021,specific granule (GO:0042581),7/160,0.0608907821230597,0.2685718425784956,0,0,2.07507177325759,5.807448333840322,CTSZ;SNAP23;MLEC;ITGAV;B2M;ILF2;SPTAN1,Cellular_Component
56,GO_Cellular_Component_2021,H4/H2A histone acetyltransferase complex (GO:0043189),2/19,0.0632646231970721,0.26942003327029,0,0,5.311234886564326,14.661286707388811,ACTL6A;ACTB,Cellular_Component
57,GO_Cellular_Component_2021,SWI/SNF complex (GO:0016514),2/19,0.0632646231970721,0.26942003327029,0,0,5.311234886564326,14.661286707388811,ACTL6A;ARID1A,Cellular_Component
58,GO_Cellular_Component_2021,membrane raft (GO:0045121),7/163,0.0658911813140036,0.2758495217721847,0,0,2.0348520249221185,5.534290149259074,APP;STX12;KDR;TEK;PLPP3;TGFBR1;S100A10,Cellular_Component
59,GO_Cellular_Component_2021,tertiary granule (GO:0070820),7/164,0.0676115206232143,0.2783340932322322,0,0,2.021787011131615,5.446647478492728,RAB14;SNAP23;RAC1;DYNLL1;B2M;ILF2;SPTAN1,Cellular_Component
60,GO_Cellular_Component_2021,NuA4 histone acetyltransferase complex (GO:0035267),2/20,0.0693110498450356,0.2806529395364558,0,0,5.015909674108288,13.388220001907133,ACTL6A;ACTB,Cellular_Component
61,GO_Cellular_Component_2021,phagocytic vesicle membrane (GO:0030670),3/45,0.0741862365783476,0.2882088350014676,0,0,3.228009259259259,8.396622268792346,SNAP23;SEC22B;B2M,Cellular_Component
62,GO_Cellular_Component_2021,sarcoplasmic reticulum (GO:0016529),3/45,0.0741862365783476,0.2882088350014676,0,0,3.228009259259259,8.396622268792346,FKBP1A;ATP2A2;TMEM38B,Cellular_Component
63,GO_Cellular_Component_2021,mitochondrial outer membrane translocase complex (GO:0005742),2/21,0.0755377774860016,0.2882088350014676,0,0,4.751671326121308,12.274148563033512,MTX2;TOMM5,Cellular_Component
64,GO_Cellular_Component_2021,bounding membrane of organelle (GO:0098588),23/767,0.0758444302635441,0.2882088350014676,0,0,1.412213566134252,3.642199063853676,RAB2A;STX17;SURF4;CTSZ;GOLIM4;SLC2A1;ATP2A2;PLEKHA3;SLA2;CORO1C;CDC42;UGCG;FABP5;GLIPR2;UBC;MAN1C1;RAC1;TMEM38B;SEC22B;PLPP3;B2M;CD44;WLS,Cellular_Component
65,GO_Cellular_Component_2021,trans-Golgi network (GO:0005802),9/239,0.0783298768587194,0.2931436300621771,0,0,1.776025719534599,4.5232287983089945,USP6NL;APP;GOLGA1;CLTA;ATP11B;RAC1;PLPP3;SCAMP3;WLS,Cellular_Component
66,GO_Cellular_Component_2021,autophagosome membrane (GO:0000421),2/22,0.0819341443862336,0.3020557263193987,0,0,4.513856812933025,11.29294514388347,SH3GLB1;STX17,Cellular_Component
67,GO_Cellular_Component_2021,organelle outer membrane (GO:0031968),6/142,0.0901227230385612,0.3167868466178585,0,0,1.9980460715754835,4.808463605527917,FAM210B;ATF2;MTX2;UBC;TOMM5;MCL1,Cellular_Component
68,GO_Cellular_Component_2021,endoplasmic reticulum-Golgi intermediate compartment membrane (GO:0033116),3/49,0.0905264517810749,0.3167868466178585,0,0,2.946708937198068,7.078328393669902,CTSZ;PLPP3;SEC22B,Cellular_Component
69,GO_Cellular_Component_2021,COPII-coated ER to Golgi transport vesicle (GO:0030134),4/79,0.0933980169177056,0.3167868466178585,0,0,2.411755607115236,5.717995593209552,STX17;CTSZ;SEC22B;B2M,Cellular_Component
70,GO_Cellular_Component_2021,endoplasmic reticulum lumen (GO:0005788),10/285,0.0944296817797019,0.3167868466178585,0,0,1.6504812834224598,3.894970499539045,PDIA3;APP;RCN1;LGALS1;HSPA5;CTSZ;P3H1;TSPAN5;B2M;FBN1,Cellular_Component
71,GO_Cellular_Component_2021,intermediate filament (GO:0005882),3/50,0.0948271037828002,0.3167868466178585,0,0,2.8838652482269502,6.793521381692932,MACF1;CLIP1;VIM,Cellular_Component
72,GO_Cellular_Component_2021,integral component of organelle membrane (GO:0031301),8/214,0.0964142773786543,0.3167868466178585,0,0,1.760669379959528,4.118383476951456,STX12;SLC32A1;HSPA5;MAN1C1;EMC4;ELOVL6;RRBP1;WLS,Cellular_Component
73,GO_Cellular_Component_2021,precatalytic spliceosome (GO:0071011),3/52,0.1036728880303094,0.3167868466178585,0,0,2.765873015873016,6.268891694245957,PRPF38B;CWC22;SNRPB2,Cellular_Component
74,GO_Cellular_Component_2021,early endosome lumen (GO:0031905),1/5,0.104130794057654,0.3167868466178585,0,0,11.267857142857142,25.489104544264386,B2M,Cellular_Component
75,GO_Cellular_Component_2021,flotillin complex (GO:0016600),1/5,0.104130794057654,0.3167868466178585,0,0,11.267857142857142,25.489104544264386,CORO1C,Cellular_Component
76,GO_Cellular_Component_2021,MPP7-DLG1-LIN7 complex (GO:0097025),1/5,0.104130794057654,0.3167868466178585,0,0,11.267857142857142,25.489104544264386,LIN7C,Cellular_Component
77,GO_Cellular_Component_2021,NatA complex (GO:0031415),1/5,0.104130794057654,0.3167868466178585,0,0,11.267857142857142,25.489104544264386,NAA15,Cellular_Component
78,GO_Cellular_Component_2021,NURF complex (GO:0016589),1/5,0.104130794057654,0.3167868466178585,0,0,11.267857142857142,25.489104544264386,RBBP4,Cellular_Component
79,GO_Cellular_Component_2021,smooth endoplasmic reticulum membrane (GO:0030868),1/5,0.104130794057654,0.3167868466178585,0,0,11.267857142857142,25.489104544264386,STX17,Cellular_Component
80,GO_Cellular_Component_2021,sorting endosome (GO:0097443),1/5,0.104130794057654,0.3167868466178585,0,0,11.267857142857142,25.489104544264386,KDR,Cellular_Component
81,GO_Cellular_Component_2021,actin-based cell projection (GO:0098858),4/83,0.1070129146456813,0.3167868466178585,0,0,2.289171488149432,5.115853614022089,CDC42;UNC5C;TEK;CD44,Cellular_Component
82,GO_Cellular_Component_2021,endosome lumen (GO:0031904),2/26,0.1090157164474412,0.3167868466178585,0,0,3.760777521170131,8.334872897101675,APP;B2M,Cellular_Component
83,GO_Cellular_Component_2021,MLL1 complex (GO:0071339),2/26,0.1090157164474412,0.3167868466178585,0,0,3.760777521170131,8.334872897101675,MGA;TAF4,Cellular_Component
84,GO_Cellular_Component_2021,MLL1/2 complex (GO:0044665),2/26,0.1090157164474412,0.3167868466178585,0,0,3.760777521170131,8.334872897101675,MGA;TAF4,Cellular_Component
85,GO_Cellular_Component_2021,basolateral plasma membrane (GO:0016323),6/151,0.1121915418559508,0.322224544632789,0,0,1.873161321437184,4.097629690356467,SLC16A1;SLC2A1;TEK;PLPP3;LIN7C;CD44,Cellular_Component
86,GO_Cellular_Component_2021,myofibril (GO:0030016),2/27,0.1161131465501931,0.3248333559202699,0,0,3.610161662817552,7.773364575520727,TMOD1;PDE4DIP,Cellular_Component
87,GO_Cellular_Component_2021,tertiary granule lumen (GO:1904724),3/55,0.117521208112255,0.3248333559202699,0,0,2.6059027777777777,5.579593467250349,B2M;SPTAN1;ILF2,Cellular_Component
88,GO_Cellular_Component_2021,nuclear inner membrane (GO:0005637),2/28,0.123323770143053,0.3248333559202699,0,0,3.471131639722864,7.264877558687385,ATP11B;MFSD10,Cellular_Component
89,GO_Cellular_Component_2021,sarcoplasmic reticulum membrane (GO:0033017),2/28,0.123323770143053,0.3248333559202699,0,0,3.471131639722864,7.264877558687385,ATP2A2;TMEM38B,Cellular_Component
90,GO_Cellular_Component_2021,box C/D RNP complex (GO:0031428),1/6,0.1236207913218841,0.3248333559202699,0,0,9.013824884792626,18.84373022847092,NOP56,Cellular_Component
91,GO_Cellular_Component_2021,MHC class I protein complex (GO:0042612),1/6,0.1236207913218841,0.3248333559202699,0,0,9.013824884792626,18.84373022847092,B2M,Cellular_Component
92,GO_Cellular_Component_2021,nuclear envelope lumen (GO:0005641),1/6,0.1236207913218841,0.3248333559202699,0,0,9.013824884792626,18.84373022847092,APP,Cellular_Component
93,GO_Cellular_Component_2021,postsynaptic recycling endosome (GO:0098837),1/6,0.1236207913218841,0.3248333559202699,0,0,9.013824884792626,18.84373022847092,STX12,Cellular_Component
94,GO_Cellular_Component_2021,microvillus (GO:0005902),3/57,0.1271148631818446,0.330498644272796,0,0,2.509130658436214,5.175493898913629,ITGAV;TEK;CD44,Cellular_Component
95,GO_Cellular_Component_2021,U2-type spliceosomal complex (GO:0005684),4/89,0.1289908379087482,0.3318826767027168,0,0,2.126927801282926,4.3559777036762055,CWC22;PRPF40A;SNRPB2;BCAS2,Cellular_Component
96,GO_Cellular_Component_2021,azurophil granule membrane (GO:0035577),3/58,0.1320136198602516,0.3361583928400222,0,0,2.4633838383838382,4.98798321092312,SURF4;CPNE3;ATP11B,Cellular_Component
97,GO_Cellular_Component_2021,cyclin-dependent protein kinase holoenzyme complex (GO:0000307),2/30,0.1380518947399782,0.3455281324798154,0,0,3.222863741339492,6.381675050050548,CDK6;CCNE2,Cellular_Component
98,GO_Cellular_Component_2021,activin receptor complex (GO:0048179),1/7,0.1426877308216242,0.3455281324798154,0,0,7.511136712749616,14.624909784713989,TGFBR1,Cellular_Component
99,GO_Cellular_Component_2021,kinetochore microtubule (GO:0005828),1/7,0.1426877308216242,0.3455281324798154,0,0,7.511136712749616,14.624909784713989,CENPE,Cellular_Component
100,GO_Cellular_Component_2021,macropinosome (GO:0044354),1/7,0.1426877308216242,0.3455281324798154,0,0,7.511136712749616,14.624909784713989,CLIP1,Cellular_Component
101,GO_Cellular_Component_2021,pinosome (GO:0044352),1/7,0.1426877308216242,0.3455281324798154,0,0,7.511136712749616,14.624909784713989,CLIP1,Cellular_Component
102,GO_Cellular_Component_2021,spindle microtubule (GO:0005876),3/61,0.1470914203818707,0.3527337945079811,0,0,2.3356082375478926,4.476662593478519,CENPE;HAUS2;AURKA,Cellular_Component
103,GO_Cellular_Component_2021,chromatoid body (GO:0033391),1/8,0.1613407743318151,0.3724408528968068,0,0,6.43778801843318,11.744048140680995,CLOCK,Cellular_Component
104,GO_Cellular_Component_2021,ESC/E(Z) complex (GO:0035098),1/8,0.1613407743318151,0.3724408528968068,0,0,6.43778801843318,11.744048140680995,RBBP4,Cellular_Component
105,GO_Cellular_Component_2021,HFE-transferrin receptor complex (GO:1990712),1/8,0.1613407743318151,0.3724408528968068,0,0,6.43778801843318,11.744048140680995,B2M,Cellular_Component
106,GO_Cellular_Component_2021,RISC-loading complex (GO:0070578),1/8,0.1613407743318151,0.3724408528968068,0,0,6.43778801843318,11.744048140680995,PRKRA,Cellular_Component
107,GO_Cellular_Component_2021,intracellular organelle lumen (GO:0070013),23/848,0.1637688988691633,0.3726554546081792,0,0,1.2680788467196231,2.294333786989254,PDIA3;APP;HSPA5;CTSZ;GOLIM4;P3H1;COMMD3;PDAP1;HMGB1;HSPG2;ILF2;ALAD;RCN1;HSPH1;LGALS1;PGM2;TSPAN5;ACADM;AGRN;GUSB;B2M;SPTAN1;FBN1,Cellular_Component
108,GO_Cellular_Component_2021,asymmetric synapse (GO:0032279),5/133,0.1644511925193989,0.3726554546081792,0,0,1.7657158430232558,3.187366865658172,FXR1;FABP5;RHEB;RPL12;SIGMAR1,Cellular_Component
109,GO_Cellular_Component_2021,trans-Golgi network membrane (GO:0032588),4/99,0.1692980091589295,0.3801509842023237,0,0,1.902063744046892,3.378245428373968,USP6NL;APP;CLTA;SCAMP3,Cellular_Component
110,GO_Cellular_Component_2021,Golgi lumen (GO:0005796),4/100,0.1735518230789761,0.386191894599163,0,0,1.882153905645785,3.2961766701369046,APP;GOLIM4;AGRN;HSPG2,Cellular_Component
111,GO_Cellular_Component_2021,platelet dense tubular network membrane (GO:0031095),1/9,0.1795888858445551,0.3960576321750456,0,0,5.632776497695852,9.671956076787463,ATP2A2,Cellular_Component
112,GO_Cellular_Component_2021,postsynaptic density (GO:0014069),5/138,0.1825279586377587,0.3989770423320921,0,0,1.6988984088127297,2.889574619967187,FXR1;FABP5;RHEB;RPL12;SIGMAR1,Cellular_Component
113,GO_Cellular_Component_2021,glutamatergic synapse (GO:0098978),3/69,0.1897140751389959,0.4110471628011579,0,0,2.051662457912458,3.410349675720446,AKAP9;RAC1;ACTB,Cellular_Component
114,GO_Cellular_Component_2021,brush border membrane (GO:0031526),2/37,0.1920476767447121,0.412485010051686,0,0,2.577367205542725,4.25268584176346,GNA12;MFSD10,Cellular_Component
115,GO_Cellular_Component_2021,"condensed chromosome, centromeric region (GO:0000779)",1/10,0.1974408357931117,0.4167413368354463,0,0,5.006656426011265,8.12238035407291,CENPE,Cellular_Component
116,GO_Cellular_Component_2021,ISWI-type complex (GO:0031010),1/10,0.1974408357931117,0.4167413368354463,0,0,5.006656426011265,8.12238035407291,RBBP4,Cellular_Component
117,GO_Cellular_Component_2021,microtubule (GO:0005874),6/182,0.2058720949203935,0.4167413368354463,0,0,1.5407660521296884,2.4351810558160616,MACF1;TPX2;CENPE;CLIP1;ARHGEF2;AURKA,Cellular_Component
118,GO_Cellular_Component_2021,collagen-containing extracellular matrix (GO:0062023),11/380,0.2074380392439098,0.4167413368354463,0,0,1.349619062228358,2.1228463108148854,TMEFF1;LAMA5;EGFL7;LGALS1;CTSZ;S100A6;P3H1;AGRN;HSPG2;S100A10;FBN1,Cellular_Component
119,GO_Cellular_Component_2021,tertiary granule membrane (GO:0070821),3/73,0.2120864879601807,0.4167413368354463,0,0,1.9340277777777777,2.999215093275105,RAB14;SNAP23;DYNLL1,Cellular_Component
120,GO_Cellular_Component_2021,Golgi medial cisterna (GO:0005797),1/11,0.2149052051904662,0.4167413368354463,0,0,4.505760368663594,6.927869046164286,TMEM59,Cellular_Component
121,GO_Cellular_Component_2021,Golgi trans cisterna (GO:0000138),1/11,0.2149052051904662,0.4167413368354463,0,0,4.505760368663594,6.927869046164286,TMEM59,Cellular_Component
122,GO_Cellular_Component_2021,microfibril (GO:0001527),1/11,0.2149052051904662,0.4167413368354463,0,0,4.505760368663594,6.927869046164286,FBN1,Cellular_Component
123,GO_Cellular_Component_2021,microvillus membrane (GO:0031528),1/11,0.2149052051904662,0.4167413368354463,0,0,4.505760368663594,6.927869046164286,ITGAV,Cellular_Component
124,GO_Cellular_Component_2021,platelet dense tubular network (GO:0031094),1/11,0.2149052051904662,0.4167413368354463,0,0,4.505760368663594,6.927869046164286,ATP2A2,Cellular_Component
125,GO_Cellular_Component_2021,primary lysosome (GO:0005766),1/11,0.2149052051904662,0.4167413368354463,0,0,4.505760368663594,6.927869046164286,SNAP23,Cellular_Component
126,GO_Cellular_Component_2021,Sin3 complex (GO:0016580),1/11,0.2149052051904662,0.4167413368354463,0,0,4.505760368663594,6.927869046164286,RBBP4,Cellular_Component
127,GO_Cellular_Component_2021,cytosolic small ribosomal subunit (GO:0022627),2/40,0.2159631219228223,0.4167413368354463,0,0,2.373526194238483,3.6377792671792446,RPS6;RPS20,Cellular_Component
128,GO_Cellular_Component_2021,exocytic vesicle membrane (GO:0099501),2/41,0.2239961954656477,0.4214464122225199,0,0,2.312548113933796,3.459863849304297,SLC32A1;CLTA,Cellular_Component
129,GO_Cellular_Component_2021,synaptic vesicle membrane (GO:0030672),2/41,0.2239961954656477,0.4214464122225199,0,0,2.312548113933796,3.459863849304297,SLC32A1;CLTA,Cellular_Component
130,GO_Cellular_Component_2021,early endosome (GO:0005769),8/266,0.2241666033678537,0.4214464122225199,0,0,1.4020296643247463,2.09654712445943,APP;EHD4;SNX27;RAB14;KDR;RAPGEF1;B2M;WLS,Cellular_Component
131,GO_Cellular_Component_2021,lytic vacuole membrane (GO:0098852),8/267,0.2270831653229385,0.4214464122225199,0,0,1.3965440850686752,2.07029136320755,RAB2A;STX17;RAB14;RHEB;GNB1;GNB4;ECE1;GNAI1,Cellular_Component
132,GO_Cellular_Component_2021,clathrin vesicle coat (GO:0030125),1/12,0.2319903895672311,0.4214464122225199,0,0,4.095936321742774,5.984405988015544,CLTA,Cellular_Component
133,GO_Cellular_Component_2021,filopodium membrane (GO:0031527),1/12,0.2319903895672311,0.4214464122225199,0,0,4.095936321742774,5.984405988015544,ITGAV,Cellular_Component
134,GO_Cellular_Component_2021,U2-type catalytic step 1 spliceosome (GO:0071006),1/12,0.2319903895672311,0.4214464122225199,0,0,4.095936321742774,5.984405988015544,CWC22,Cellular_Component
135,GO_Cellular_Component_2021,cortical actin cytoskeleton (GO:0030864),2/42,0.2320514658391202,0.4214464122225199,0,0,2.254618937644342,3.293538542989922,WDR1;SLC2A1,Cellular_Component
136,GO_Cellular_Component_2021,cytoplasmic vesicle lumen (GO:0060205),4/115,0.241176681666992,0.4295806781323252,0,0,1.6265546288748145,2.313327462426565,ALAD;PGM2;HMGB1;S100A11,Cellular_Component
137,GO_Cellular_Component_2021,beta-catenin-TCF complex (GO:1990907),1/13,0.2487046031292409,0.4295806781323252,0,0,3.754416282642089,5.224230534001102,LEF1,Cellular_Component
138,GO_Cellular_Component_2021,cytoplasmic side of endoplasmic reticulum membrane (GO:0098554),1/13,0.2487046031292409,0.4295806781323252,0,0,3.754416282642089,5.224230534001102,DNAJA1,Cellular_Component
139,GO_Cellular_Component_2021,MIB complex (GO:0140275),1/13,0.2487046031292409,0.4295806781323252,0,0,3.754416282642089,5.224230534001102,MTX2,Cellular_Component
140,GO_Cellular_Component_2021,mitotic spindle microtubule (GO:1990498),1/13,0.2487046031292409,0.4295806781323252,0,0,3.754416282642089,5.224230534001102,HAUS2,Cellular_Component
141,GO_Cellular_Component_2021,RISC complex (GO:0016442),1/13,0.2487046031292409,0.4295806781323252,0,0,3.754416282642089,5.224230534001102,EIF4E,Cellular_Component
142,GO_Cellular_Component_2021,SAM complex (GO:0001401),1/13,0.2487046031292409,0.4295806781323252,0,0,3.754416282642089,5.224230534001102,MTX2,Cellular_Component
143,GO_Cellular_Component_2021,clathrin-coated vesicle (GO:0030136),3/80,0.2524425275248597,0.4330090576294468,0,0,1.7575757575757576,2.4194289956479005,RAB14;CLTA;ECE1,Cellular_Component
144,GO_Cellular_Component_2021,small ribosomal subunit (GO:0015935),2/45,0.256303900202305,0.4335682316743229,0,0,2.096997690531178,2.854834681254204,RPS6;RPS20,Cellular_Component
145,GO_Cellular_Component_2021,vacuolar membrane (GO:0005774),2/45,0.256303900202305,0.4335682316743229,0,0,2.096997690531178,2.854834681254204,SH3GLB1;STX17,Cellular_Component
146,GO_Cellular_Component_2021,endocytic vesicle membrane (GO:0030666),5/158,0.2610085397169297,0.4335682316743229,0,0,1.4753001975984192,1.981626401695324,UBC;SNAP23;SEC22B;B2M;WLS,Cellular_Component
147,GO_Cellular_Component_2021,axonal growth cone (GO:0044295),1/14,0.2650558825215496,0.4335682316743229,0,0,3.4654377880184333,4.601458882655739,OLFM1,Cellular_Component
148,GO_Cellular_Component_2021,mRNA cleavage and polyadenylation specificity factor complex (GO:0005847),1/14,0.2650558825215496,0.4335682316743229,0,0,3.4654377880184333,4.601458882655739,SSU72,Cellular_Component
149,GO_Cellular_Component_2021,nBAF complex (GO:0071565),1/14,0.2650558825215496,0.4335682316743229,0,0,3.4654377880184333,4.601458882655739,ARID1A,Cellular_Component
150,GO_Cellular_Component_2021,transcription factor TFTC complex (GO:0033276),1/14,0.2650558825215496,0.4335682316743229,0,0,3.4654377880184333,4.601458882655739,TAF4,Cellular_Component
151,GO_Cellular_Component_2021,intrinsic component of endoplasmic reticulum membrane (GO:0031227),4/121,0.2697597288649976,0.4366029333793481,0,0,1.54266563547306,2.021236936800578,HSPA5;EMC4;ELOVL6;RRBP1,Cellular_Component
152,GO_Cellular_Component_2021,Golgi-associated vesicle (GO:0005798),2/47,0.2725011287766568,0.4366029333793481,0,0,2.00359250705671,2.604895708587433,APP;RAB14,Cellular_Component
153,GO_Cellular_Component_2021,vacuolar lumen (GO:0005775),5/161,0.273433429019005,0.4366029333793481,0,0,1.446705426356589,1.875938717456637,PLAC8;FABP5;GUSB;AGRN;HSPG2,Cellular_Component
154,GO_Cellular_Component_2021,clathrin coat (GO:0030118),1/15,0.2810520907178799,0.4366029333793481,0,0,3.217741935483871,4.08400713703776,CLTA,Cellular_Component
155,GO_Cellular_Component_2021,muscle myosin complex (GO:0005859),1/15,0.2810520907178799,0.4366029333793481,0,0,3.217741935483871,4.08400713703776,MYL9,Cellular_Component
156,GO_Cellular_Component_2021,prespliceosome (GO:0071010),1/15,0.2810520907178799,0.4366029333793481,0,0,3.217741935483871,4.08400713703776,PRPF40A,Cellular_Component
157,GO_Cellular_Component_2021,trans-Golgi network transport vesicle (GO:0030140),1/15,0.2810520907178799,0.4366029333793481,0,0,3.217741935483871,4.08400713703776,RAB14,Cellular_Component
158,GO_Cellular_Component_2021,U2-type prespliceosome (GO:0071004),1/15,0.2810520907178799,0.4366029333793481,0,0,3.217741935483871,4.08400713703776,PRPF40A,Cellular_Component
159,GO_Cellular_Component_2021,axon (GO:0030424),6/204,0.2847672952912486,0.4396095121058651,0,0,1.368015822561277,1.7183413363521958,FXR1;SETX;APP;OLFM1;ACADM;ACTB,Cellular_Component
160,GO_Cellular_Component_2021,lysosomal lumen (GO:0043202),3/86,0.2878347817119988,0.4414130927943618,0,0,1.6300200803212852,2.02997588745899,GUSB;AGRN;HSPG2,Cellular_Component
161,GO_Cellular_Component_2021,endoplasmic reticulum membrane (GO:0005789),18/712,0.2895098017517676,0.4414130927943618,0,0,1.1737399705595757,1.454928307091355,ICMT;STX17;SLC35D1;HSPA5;SURF4;ATP2A2;ELOVL6;DHCR24;DNAJB14;HSD17B12;HMGCR;CDC42;DNAJA1;UBC;MLEC;RAC1;TMEM38B;SEC22B,Cellular_Component
162,GO_Cellular_Component_2021,U2-type precatalytic spliceosome (GO:0071005),2/50,0.2967618665404739,0.4496943621809634,0,0,1.8780792917628943,2.281538160066264,CWC22;SNRPB2,Cellular_Component
163,GO_Cellular_Component_2021,mitochondrial envelope (GO:0005740),4/127,0.2988959220870975,0.4501664192409335,0,0,1.4669609341105012,1.7715898258288432,NDUFAF4;COX17;ACADM;SLC25A33,Cellular_Component
164,GO_Cellular_Component_2021,spliceosomal snRNP complex (GO:0097525),2/51,0.3048252100137488,0.4560144680972383,0,0,1.839656878917849,2.185543183778385,PRPF40A;SNRPB2,Cellular_Component
165,GO_Cellular_Component_2021,azurophil granule lumen (GO:0035578),3/90,0.3116425965012262,0.4560144680972383,0,0,1.554757343550447,1.8126888999469968,PLAC8;FABP5;GUSB,Cellular_Component
166,GO_Cellular_Component_2021,clathrin-coated vesicle membrane (GO:0030665),3/90,0.3116425965012262,0.4560144680972383,0,0,1.554757343550447,1.8126888999469968,SLC32A1;CLTA;GAD2,Cellular_Component
167,GO_Cellular_Component_2021,desmosome (GO:0030057),1/17,0.3120098992244262,0.4560144680972383,0,0,2.8152361751152077,3.278962900916089,PKP4,Cellular_Component
168,GO_Cellular_Component_2021,endolysosome membrane (GO:0036020),1/17,0.3120098992244262,0.4560144680972383,0,0,2.8152361751152077,3.278962900916089,CLTA,Cellular_Component
169,GO_Cellular_Component_2021,specific granule membrane (GO:0035579),3/91,0.3176063996750854,0.4614153301856703,0,0,1.5370107323232325,1.7628627776980703,SNAP23;MLEC;ITGAV,Cellular_Component
170,GO_Cellular_Component_2021,Golgi cisterna (GO:0031985),2/53,0.3208970846586707,0.4614153301856703,0,0,1.7673323370918803,2.0088114654242677,TMEM59;GGTA1,Cellular_Component
171,GO_Cellular_Component_2021,cell projection membrane (GO:0031253),3/92,0.3235719059725915,0.4614153301856703,0,0,1.5196629213483146,1.7146872130836996,GNA12;ITGAV;MFSD10,Cellular_Component
172,GO_Cellular_Component_2021,mitochondrial membrane (GO:0031966),12/469,0.3240901361337852,0.4614153301856703,0,0,1.1861508139733383,1.3364759814396792,FAM210B;ATF2;MRPL20;MRPS26;ENDOG;MTX2;NDUFAF4;UBC;ACADM;SLC25A33;TOMM5;MCL1,Cellular_Component
173,GO_Cellular_Component_2021,ER to Golgi transport vesicle membrane (GO:0012507),2/54,0.3288996387366401,0.4614153301856703,0,0,1.733256351039261,1.9273856107435972,SEC22B;B2M,Cellular_Component
174,GO_Cellular_Component_2021,coated vesicle membrane (GO:0030662),2/55,0.3368761822411059,0.4614153301856703,0,0,1.700466251252778,1.8501750073449224,SEC22B;B2M,Cellular_Component
175,GO_Cellular_Component_2021,cytoplasmic side of plasma membrane (GO:0009898),2/55,0.3368761822411059,0.4614153301856703,0,0,1.700466251252778,1.8501750073449224,PKP4;GEM,Cellular_Component
176,GO_Cellular_Component_2021,cytosolic large ribosomal subunit (GO:0022625),2/55,0.3368761822411059,0.4614153301856703,0,0,1.700466251252778,1.8501750073449224,RPL12;RPLP2,Cellular_Component
177,GO_Cellular_Component_2021,anaphase-promoting complex (GO:0005680),1/19,0.3416375986831081,0.4614153301856703,0,0,2.5021761392729136,2.6873490757355065,ANAPC1,Cellular_Component
178,GO_Cellular_Component_2021,cytoplasmic dynein complex (GO:0005868),1/19,0.3416375986831081,0.4614153301856703,0,0,2.5021761392729136,2.6873490757355065,DYNLL1,Cellular_Component
179,GO_Cellular_Component_2021,GABA-A receptor complex (GO:1902711),1/19,0.3416375986831081,0.4614153301856703,0,0,2.5021761392729136,2.6873490757355065,GABRA4,Cellular_Component
180,GO_Cellular_Component_2021,smooth endoplasmic reticulum (GO:0005790),1/19,0.3416375986831081,0.4614153301856703,0,0,2.5021761392729136,2.6873490757355065,STX17,Cellular_Component
181,GO_Cellular_Component_2021,supramolecular fiber (GO:0099512),1/19,0.3416375986831081,0.4614153301856703,0,0,2.5021761392729136,2.6873490757355065,FBN1,Cellular_Component
182,GO_Cellular_Component_2021,lytic vacuole (GO:0000323),6/219,0.3418583215545654,0.4614153301856703,0,0,1.270691749564989,1.363908288654853,TMEM59;RAB14;RRAGD;CTSZ;BCL10;DRAM2,Cellular_Component
183,GO_Cellular_Component_2021,extracellular membrane-bounded organelle (GO:0065010),2/56,0.3448240643509291,0.4628888255145625,0,0,1.6688905996065349,1.776902785371573,GNB1;SPTAN1,Cellular_Component
184,GO_Cellular_Component_2021,cis-Golgi network (GO:0005801),2/57,0.3527407613089888,0.4652102203205512,0,0,1.6384631534747007,1.7073144539704974,AKAP9;GOLIM4,Cellular_Component
185,GO_Cellular_Component_2021,early endosome membrane (GO:0031901),3/97,0.3533748687467785,0.4652102203205512,0,0,1.438460401891253,1.4963236718029815,RAB14;B2M;WLS,Cellular_Component
186,GO_Cellular_Component_2021,condensed nuclear chromosome (GO:0000794),1/20,0.3559705734436606,0.4652102203205512,0,0,2.370361387339316,2.4483633682665378,RCC1,Cellular_Component
187,GO_Cellular_Component_2021,MHC protein complex (GO:0042611),1/20,0.3559705734436606,0.4652102203205512,0,0,2.370361387339316,2.4483633682665378,B2M,Cellular_Component
188,GO_Cellular_Component_2021,U2 snRNP (GO:0005686),1/20,0.3559705734436606,0.4652102203205512,0,0,2.370361387339316,2.4483633682665378,SNRPB2,Cellular_Component
189,GO_Cellular_Component_2021,apical junction complex (GO:0043296),3/98,0.3593209649117405,0.4663565256696282,0,0,1.4232456140350878,1.4567477301974343,PKN2;ACTB;TGFBR1,Cellular_Component
190,GO_Cellular_Component_2021,cortical cytoskeleton (GO:0030863),2/58,0.3606238720765141,0.4663565256696282,0,0,1.6091224018475752,1.6411757490535976,WDR1;SLC2A1,Cellular_Component
191,GO_Cellular_Component_2021,extracellular vesicle (GO:1903561),2/59,0.368471114369609,0.4710725576151382,0,0,1.5808111502775417,1.5782707195459014,GNB1;SPTAN1,Cellular_Component
192,GO_Cellular_Component_2021,large ribosomal subunit (GO:0015934),2/59,0.368471114369609,0.4710725576151382,0,0,1.5808111502775417,1.5782707195459014,RPL12;RPLP2,Cellular_Component
193,GO_Cellular_Component_2021,endocytic vesicle lumen (GO:0071682),1/21,0.3699922112442786,0.4710725576151382,0,0,2.2517281105990783,2.2388331938473214,HSPH1,Cellular_Component
194,GO_Cellular_Component_2021,integral component of endoplasmic reticulum membrane (GO:0030176),4/142,0.3728494336206052,0.4717829401176915,0,0,1.3064998823094254,1.2889674430771922,HSPA5;EMC4;ELOVL6;RRBP1,Cellular_Component
195,GO_Cellular_Component_2021,caveola (GO:0005901),2/60,0.3762803206606689,0.4717829401176915,0,0,1.5534761487616469,1.518400023903815,TFPI;CORO1C,Cellular_Component
196,GO_Cellular_Component_2021,transport vesicle membrane (GO:0030658),2/60,0.3762803206606689,0.4717829401176915,0,0,1.5534761487616469,1.518400023903815,SEC22B;B2M,Cellular_Component
197,GO_Cellular_Component_2021,ficolin-1-rich granule membrane (GO:0101003),2/61,0.3840494341275305,0.4790919708560607,0,0,1.52706775746663,1.4613794107700633,RAC1;DYNLL1,Cellular_Component
198,GO_Cellular_Component_2021,mitochondrial ribosome (GO:0005761),1/23,0.3971283201302665,0.4904534753608792,0,0,2.046816087138668,1.8902261130852336,MRPL20,Cellular_Component
199,GO_Cellular_Component_2021,"preribosome, large subunit precursor (GO:0030687)",1/23,0.3971283201302665,0.4904534753608792,0,0,2.046816087138668,1.8902261130852336,MDN1,Cellular_Component
200,GO_Cellular_Component_2021,organelle envelope lumen (GO:0031970),2/64,0.4070972329577053,0.5002637638833494,0,0,1.4529538851225507,1.305774335733701,APP;COX17,Cellular_Component
201,GO_Cellular_Component_2021,endolysosome (GO:0036019),1/25,0.4230981732653267,0.5122806313555671,0,0,1.876056067588325,1.6136915753201737,CLTA,Cellular_Component
202,GO_Cellular_Component_2021,Golgi cis cisterna (GO:0000137),1/25,0.4230981732653267,0.5122806313555671,0,0,1.876056067588325,1.6136915753201737,TMEM59,Cellular_Component
203,GO_Cellular_Component_2021,H4 histone acetyltransferase complex (GO:1902562),1/25,0.4230981732653267,0.5122806313555671,0,0,1.876056067588325,1.6136915753201737,ATF2,Cellular_Component
204,GO_Cellular_Component_2021,synaptic membrane (GO:0097060),1/26,0.4356614676054343,0.5249189390172794,0,0,1.8009216589861752,1.4963674148509591,AKAP9,Cellular_Component
205,GO_Cellular_Component_2021,autophagosome (GO:0005776),2/69,0.444545857463593,0.533023431036444,0,0,1.3441797938712905,1.0897293318700911,SH3GLB1;STX17,Cellular_Component
206,GO_Cellular_Component_2021,SAGA-type complex (GO:0070461),1/27,0.447951783490829,0.534512514600168,0,0,1.7315668202764978,1.390568809653446,TAF4,Cellular_Component
207,GO_Cellular_Component_2021,dendrite membrane (GO:0032590),1/29,0.4717370234608735,0.5601877153597873,0,0,1.6077188940092166,1.2079332282004311,GABRA4,Cellular_Component
208,GO_Cellular_Component_2021,transcription factor TFIID complex (GO:0005669),1/31,0.494499717531361,0.5844087570825176,0,0,1.500384024577573,1.0565834821585691,TAF4,Cellular_Component
209,GO_Cellular_Component_2021,lipid droplet (GO:0005811),2/77,0.5015992806536564,0.5899762967688245,0,0,1.2003079291762897,0.82815692540345,SET;TSC1,Cellular_Component
210,GO_Cellular_Component_2021,aggresome (GO:0016235),1/35,0.5371310423155051,0.6287742533266814,0,0,1.323597180807807,0.8226331029219006,PRKCQ,Cellular_Component
211,GO_Cellular_Component_2021,Cul3-RING ubiquitin ligase complex (GO:0031463),1/36,0.5472160646334772,0.6328795867449061,0,0,1.2857142857142858,0.7751719995710324,KCTD5,Cellular_Component
212,GO_Cellular_Component_2021,vesicle coat (GO:0030120),1/36,0.5472160646334772,0.6328795867449061,0,0,1.2857142857142858,0.7751719995710324,CLTA,Cellular_Component
213,GO_Cellular_Component_2021,coated vesicle (GO:0030135),2/84,0.5483248241433599,0.6328795867449061,0,0,1.0974483185940405,0.6594428918718849,STX17;CTSZ,Cellular_Component
214,GO_Cellular_Component_2021,neuron projection (GO:0043005),12/556,0.5520964218363982,0.6340977708465222,0,0,0.9919169795577806,0.5892309933070129,SETX;CDC42;FXR1;OLFM1;APP;RELN;SLC32A1;GABRA4;STMN1;RPS6;ACADM;ACTB,Cellular_Component
215,GO_Cellular_Component_2021,tight junction (GO:0070160),2/85,0.5547446342729542,0.6340977708465222,0,0,1.0841703998441805,0.6388445779353216,ACTB;TGFBR1,Cellular_Component
216,GO_Cellular_Component_2021,small-subunit processome (GO:0032040),1/37,0.5570818472619243,0.6340977708465222,0,0,1.249935995903738,0.7312664383825583,NOP56,Cellular_Component
217,GO_Cellular_Component_2021,cytoplasmic vesicle membrane (GO:0030659),8/380,0.5868745555168967,0.6649450239113462,0,0,0.9666339301452996,0.5151619334407647,FABP5;UBC;RAC1;SLA2;CD44;WLS;MFSD10;CORO1C,Cellular_Component
218,GO_Cellular_Component_2021,cornified envelope (GO:0001533),1/43,0.6119317246553507,0.6901695707300074,0,0,1.0710445468509984,0.5260269962357882,PKP4,Cellular_Component
219,GO_Cellular_Component_2021,cell-cell contact zone (GO:0044291),1/47,0.64467843272471,0.7237980585591063,0,0,0.977709877780004,0.4292181956208633,PKP4,Cellular_Component
220,GO_Cellular_Component_2021,cullin-RING ubiquitin ligase complex (GO:0031461),3/157,0.6671396128993734,0.7456266261816527,0,0,0.8753156565656566,0.3542892116133422,FBXW7;KCTD5;ANAPC1,Cellular_Component
221,GO_Cellular_Component_2021,integral component of mitochondrial inner membrane (GO:0031305),1/51,0.6746676478464924,0.7506437343156919,0,0,0.8993087557603686,0.3539095457742567,MTX2,Cellular_Component
222,GO_Cellular_Component_2021,microbody membrane (GO:0031903),1/52,0.6817616866356547,0.7517640026741371,0,0,0.8816300713833921,0.337730541238493,HMGCR,Cellular_Component
223,GO_Cellular_Component_2021,sarcolemma (GO:0042383),1/52,0.6817616866356547,0.7517640026741371,0,0,0.8816300713833921,0.337730541238493,SLC2A1,Cellular_Component
224,GO_Cellular_Component_2021,peroxisomal membrane (GO:0005778),1/53,0.6887013833026241,0.7560410741144362,0,0,0.8646313364055299,0.3224621021325474,HMGCR,Cellular_Component
225,GO_Cellular_Component_2021,integral component of Golgi membrane (GO:0030173),1/55,0.7021310791960201,0.7640198861949798,0,0,0.8325226147806793,0.2944092763113607,MAN1C1,Cellular_Component
226,GO_Cellular_Component_2021,dendrite (GO:0030425),5/270,0.7021559277986252,0.7640198861949798,0,0,0.8468626590609917,0.2994504501458297,FXR1;RELN;SLC32A1;GABRA4;RPS6,Cellular_Component
227,GO_Cellular_Component_2021,mitochondrial intermembrane space (GO:0005758),1/58,0.7211994908545319,0.777887660441351,0,0,0.7885843641361469,0.2577405142533454,COX17,Cellular_Component
228,GO_Cellular_Component_2021,SCF ubiquitin ligase complex (GO:0019005),1/58,0.7211994908545319,0.777887660441351,0,0,0.7885843641361469,0.2577405142533454,FBXW7,Cellular_Component
229,GO_Cellular_Component_2021,intrinsic component of Golgi membrane (GO:0031228),1/60,0.7332301638412104,0.7874254368207781,0,0,0.7617745840818558,0.2363753198175687,MAN1C1,Cellular_Component
230,GO_Cellular_Component_2021,ribosome (GO:0005840),1/62,0.7447428330960234,0.7963267522715056,0,0,0.7367228223917807,0.2171242322014448,RRBP1,Cellular_Component
231,GO_Cellular_Component_2021,organelle inner membrane (GO:0019866),6/346,0.7667280681249801,0.8142576102952563,0,0,0.790826820238585,0.2100618558026556,MRPL20;MRPS26;ENDOG;NDUFAF4;ATP11B;MFSD10,Cellular_Component
232,GO_Cellular_Component_2021,peroxisome (GO:0005777),2/128,0.7705248635987502,0.8142576102952563,0,0,0.7125994354631768,0.1857628118277005,HMGCR;VIM,Cellular_Component
233,GO_Cellular_Component_2021,platelet alpha granule lumen (GO:0031093),1/67,0.771401946595506,0.8142576102952563,0,0,0.6807359307359307,0.1766820902973537,APP,Cellular_Component
234,GO_Cellular_Component_2021,cation channel complex (GO:0034703),1/73,0.7997511415486588,0.8334959154536654,0,0,0.62381592421915,0.1393945832161333,AKAP9,Cellular_Component
235,GO_Cellular_Component_2021,vesicle membrane (GO:0012506),1/73,0.7997511415486588,0.8334959154536654,0,0,0.62381592421915,0.1393945832161333,MFSD10,Cellular_Component
236,GO_Cellular_Component_2021,voltage-gated potassium channel complex (GO:0008076),1/73,0.7997511415486588,0.8334959154536654,0,0,0.62381592421915,0.1393945832161333,AKAP9,Cellular_Component
237,GO_Cellular_Component_2021,bicellular tight junction (GO:0005923),1/78,0.8206761719792331,0.8517101448692043,0,0,0.5831587767071638,0.1152477321049662,TGFBR1,Cellular_Component
238,GO_Cellular_Component_2021,potassium channel complex (GO:0034705),1/80,0.8284219242068442,0.8561515283643956,0,0,0.568336930525579,0.1069795858978078,AKAP9,Cellular_Component
239,GO_Cellular_Component_2021,plasma membrane raft (GO:0044853),1/82,0.8358338366911264,0.8602123235946175,0,0,0.554247027365307,0.0993905951501332,TFPI,Cellular_Component
240,GO_Cellular_Component_2021,clathrin-coated endocytic vesicle (GO:0045334),1/85,0.8463569918927619,0.8674281203216273,0,0,0.5343701996927803,0.0891404476716959,CLTA,Cellular_Component
241,GO_Cellular_Component_2021,platelet alpha granule (GO:0031091),1/90,0.8624211387385825,0.8802397573075615,0,0,0.5042199554704085,0.0746303860261302,APP,Cellular_Component
242,GO_Cellular_Component_2021,integral component of plasma membrane (GO:0005887),26/1454,0.8755735877158567,0.8899863216700271,0,0,0.807397286542979,0.1072837852851532,APP;FLT1;LPAR1;SLC2A1;ATP2A2;PTPRF;RHD;KDR;TSPAN5;ITGAV;TRPM7;SLC16A1;MIGA1;GABRA4;TNFRSF9;TIE1;TGFBR1;TGFBR3;BMP2;TSPAN18;AKAP9;APLNR;TEK;PLPP3;LGR4;CD44,Cellular_Component
243,GO_Cellular_Component_2021,cilium (GO:0005929),3/237,0.8918526707454271,0.90281807243492,0,0,0.5736882716049383,0.0656611052463182,CEP104;RAB14;DYNLL1,Cellular_Component
244,GO_Cellular_Component_2021,late endosome (GO:0005770),2/189,0.9194669634750322,0.9269728162380938,0,0,0.4786405009200825,0.0401872137747634,TMEM59;RAB14,Cellular_Component
245,GO_Cellular_Component_2021,mitochondrial inner membrane (GO:0005743),4/328,0.9287437498660676,0.9325191309630844,0,0,0.5511443384606571,0.0407419191854998,MRPL20;MRPS26;ENDOG;NDUFAF4,Cellular_Component
246,GO_Cellular_Component_2021,mitochondrial matrix (GO:0005759),2/348,0.9960586884407394,0.9960586884407394,0,0,0.2565646317531939,0.0010131991297192,MRPL20;ACADM,Cellular_Component
